location,genotype,activity
1,het,18.398333333333333
2,wt,6.2683333333333335
3,het,3.235
4,mut,16.53166666666667
5,het,18.688333333333333
6,het,11.008333333333331
8,het,20.346666666666675
10,het,11.176666666666666
11,mut,18.61999999999999
12,mut,16.70333333333333
13,mut,11.888333333333332
14,wt,12.316666666666665
15,het,9.248333333333333
18,wt,12.724999999999998
19,het,9.841666666666669
20,mut,20.316666666666663
21,mut,138.20499999999998
22,het,11.784999999999998
23,mut,12.235000000000003
24,wt,7.0516666666666685
27,mut,16.963333333333328
28,wt,10.95666666666667
29,wt,5.431666666666667
30,wt,19.255000000000003
33,het,33.96166666666667
35,mut,21.05000000000001
36,het,11.223333333333336
38,het,12.003333333333334
39,mut,9.333333333333337
40,het,6.256666666666665
43,het,9.413333333333336
44,het,19.868333333333336
46,mut,54.47500000000001
47,het,13.19
49,het,5.880000000000001
51,het,5.338333333333335
52,het,7.775000000000005
53,het,6.494999999999999
54,wt,17.866666666666667
55,het,9.296666666666665
56,mut,16.198333333333334
57,het,6.2233333333333345
58,wt,7.243333333333331
59,het,7.585
60,mut,33.66166666666667
61,wt,7.943333333333336
62,het,8.314999999999998
64,mut,6.468333333333334
65,het,13.715000000000002
66,mut,17.701666666666664
67,mut,134.03000000000003
68,wt,10.009999999999996
69,mut,26.13
71,het,8.398333333333335
72,het,16.496666666666673
73,het,8.738333333333333
74,het,6.731666666666667
75,wt,4.070000000000002
76,wt,9.101666666666665
77,het,8.035
78,wt,5.665000000000002
79,mut,28.331666666666667
80,wt,11.365000000000002
81,mut,11.990000000000002
86,wt,14.781666666666666
87,mut,22.071666666666662
88,het,12.636666666666672
89,mut,18.894999999999992
90,het,14.261666666666668
92,mut,16.53666666666667
93,het,5.829999999999998
95,het,11.186666666666667
96,wt,9.743333333333334
